{
  "id": "1532588371-8888888888-fqVUaR8V1Z",
  "jsonrpc": "2.0",
  "result": {
    "channels": [
      {
        "groupID": 19700,
        "hasMediathek": true,
        "storeUrlAndroid": null,
        "storeUrlApple": null,
        "liveWeb": "http://www.google.com/search?q=Das+Erste+Live&btnI",
        "liveApp": null,
        "defaultOrder": 1,
        "hdp": false,
        "quality": 2,
        "name": "Das Erste HD",
        "isEncrypted": false,
        "isHD": false,
        "dvbTriplet": "dvb://0.0.0",
        "id": null,
        "major": true
      },
      {
        "groupID": 19688,
        "hasMediathek": true,
        "storeUrlAndroid": null,
        "storeUrlApple": null,
        "liveWeb": "https://www.zdf.de/live-tv",
        "liveApp": null,
        "defaultOrder": 2,
        "hdp": false,
        "quality": 2,
        "name": "ZDF HD",
        "isEncrypted": false,
        "isHD": false,
        "dvbTriplet": "dvb://0.0.0",
        "id": null,
        "major": true
      },
      {
        "groupID": 19456,
        "hasMediathek": false,
        "storeUrlAndroid": "https://play.google.com/store/apps/details?id=de.rtli.tvnow",
        "storeUrlApple": "https://itunes.apple.com/de/app/id1057991212",
        "liveWeb": null,
        "liveApp": "tvnow://home",
        "defaultOrder": 3,
        "hdp": true,
        "quality": 2,
        "name": "RTL HD",
        "isEncrypted": false,
        "isHD": false,
        "dvbTriplet": "dvb://0.0.0",
        "id": null,
        "major": true
      },
      {
        "groupID": 19455,
        "hasMediathek": false,
        "storeUrlAndroid": "https://play.google.com/store/apps/details?id=de.prosiebensat1digital.seventv",
        "storeUrlApple": "https://itunes.apple.com/de/app/id826510222",
        "liveWeb": null,
        "liveApp": "mega-app://",
        "defaultOrder": 4,
        "hdp": true,
        "quality": 2,
        "name": "SAT.1 HD",
        "isEncrypted": false,
        "isHD": false,
        "dvbTriplet": "dvb://0.0.0",
        "id": null,
        "major": true
      },
      {
        "groupID": 19458,
        "hasMediathek": false,
        "storeUrlAndroid": "https://play.google.com/store/apps/details?id=de.rtli.tvnow",
        "storeUrlApple": "https://itunes.apple.com/de/app/id1057991212",
        "liveWeb": null,
        "liveApp": "tvnow://home",
        "defaultOrder": 5,
        "hdp": true,
        "quality": 2,
        "name": "VOX HD",
        "isEncrypted": false,
        "isHD": false,
        "dvbTriplet": "dvb://0.0.0",
        "id": null,
        "major": true
      },
      {
        "groupID": 19457,
        "hasMediathek": false,
        "storeUrlAndroid": "https://play.google.com/store/apps/details?id=de.prosiebensat1digital.seventv",
        "storeUrlApple": "https://itunes.apple.com/de/app/id826510222",
        "liveWeb": null,
        "liveApp": "mega-app://",
        "defaultOrder": 6,
        "hdp": true,
        "quality": 2,
        "name": "ProSieben HD",
        "isEncrypted": false,
        "isHD": false,
        "dvbTriplet": "dvb://0.0.0",
        "id": null,
        "major": true
      },
      {
        "groupID": 19459,
        "hasMediathek": false,
        "storeUrlAndroid": "https://play.google.com/store/apps/details?id=de.prosiebensat1digital.seventv",
        "storeUrlApple": "https://itunes.apple.com/de/app/id826510222",
        "liveWeb": null,
        "liveApp": "mega-app://",
        "defaultOrder": 7,
        "hdp": true,
        "quality": 2,
        "name": "kabel eins HD",
        "isEncrypted": false,
        "isHD": false,
        "dvbTriplet": "dvb://0.0.0",
        "id": null,
        "major": true
      },
      {
        "groupID": 20008,
        "hasMediathek": false,
        "storeUrlAndroid": "https://play.google.com/store/apps/details?id=de.rtli.tvnow",
        "storeUrlApple": "https://itunes.apple.com/de/app/id1057991212",
        "liveWeb": null,
        "liveApp": "tvnow://home",
        "defaultOrder": 8,
        "hdp": true,
        "quality": 2,
        "name": "RTL II HD",
        "isEncrypted": false,
        "isHD": false,
        "dvbTriplet": "dvb://0.0.0",
        "id": null,
        "major": true
      },
      {
        "groupID": 24443,
        "hasMediathek": false,
        "storeUrlAndroid": "https://play.google.com/store/apps/details?id=de.prosiebensat1digital.seventv",
        "storeUrlApple": "https://itunes.apple.com/de/app/id826510222",
        "liveWeb": null,
        "liveApp": "mega-app://",
        "defaultOrder": 9,
        "hdp": true,
        "quality": 2,
        "name": "SAT.1 Gold HD",
        "isEncrypted": false,
        "isHD": false,
        "dvbTriplet": "dvb://0.0.0",
        "id": null,
        "major": true
      },
      {
        "groupID": 22541,
        "hasMediathek": false,
        "storeUrlAndroid": "https://play.google.com/store/apps/details?id=de.rtli.tvnow",
        "storeUrlApple": "https://itunes.apple.com/de/app/id1057991212",
        "liveWeb": null,
        "liveApp": "tvnow://home",
        "defaultOrder": 10,
        "hdp": true,
        "quality": 2,
        "name": "NITRO HD",
        "isEncrypted": false,
        "isHD": false,
        "dvbTriplet": "dvb://0.0.0",
        "id": null,
        "major": true
      },
      {
        "groupID": 15808,
        "hasMediathek": false,
        "storeUrlAndroid": "https://play.google.com/store/apps/details?id=de.prosiebensat1digital.seventv",
        "storeUrlApple": "https://itunes.apple.com/de/app/id826510222",
        "liveWeb": null,
        "liveApp": "mega-app://",
        "defaultOrder": 11,
        "hdp": true,
        "quality": 2,
        "name": "DMAX HD",
        "isEncrypted": false,
        "isHD": false,
        "dvbTriplet": "dvb://0.0.0",
        "id": null,
        "major": true
      },
      {
        "groupID": 22103,
        "hasMediathek": false,
        "storeUrlAndroid": null,
        "storeUrlApple": null,
        "liveWeb": "http://www.tele5.de/live.html",
        "liveApp": null,
        "defaultOrder": 12,
        "hdp": true,
        "quality": 2,
        "name": "TELE 5 HD",
        "isEncrypted": false,
        "isHD": false,
        "dvbTriplet": "dvb://0.0.0",
        "id": null,
        "major": true
      },
      {
        "groupID": 24442,
        "hasMediathek": false,
        "storeUrlAndroid": "https://play.google.com/store/apps/details?id=de.prosiebensat1digital.seventv",
        "storeUrlApple": "https://itunes.apple.com/de/app/id826510222",
        "liveWeb": null,
        "liveApp": "mega-app://",
        "defaultOrder": 13,
        "hdp": true,
        "quality": 2,
        "name": "ProSieben MAXX HD",
        "isEncrypted": false,
        "isHD": false,
        "dvbTriplet": "dvb://0.0.0",
        "id": null,
        "major": true
      },
      {
        "groupID": 19935,
        "hasMediathek": false,
        "storeUrlAndroid": "https://play.google.com/store/apps/details?id=de.prosiebensat1digital.seventv",
        "storeUrlApple": "https://itunes.apple.com/de/app/id826510222",
        "liveWeb": null,
        "liveApp": "mega-app://",
        "defaultOrder": 14,
        "hdp": true,
        "quality": 2,
        "name": "sixx HD",
        "isEncrypted": false,
        "isHD": false,
        "dvbTriplet": "dvb://0.0.0",
        "id": null,
        "major": true
      },
      {
        "groupID": 24575,
        "hasMediathek": false,
        "storeUrlAndroid": "https://play.google.com/store/apps/details?id=de.prosiebensat1digital.seventv",
        "storeUrlApple": "https://itunes.apple.com/de/app/id826510222",
        "liveWeb": null,
        "liveApp": "mega-app://",
        "defaultOrder": 15,
        "hdp": true,
        "quality": 2,
        "name": "TLC HD",
        "isEncrypted": false,
        "isHD": false,
        "dvbTriplet": "dvb://0.0.0",
        "id": null,
        "major": true
      },
      {
        "groupID": 14791,
        "hasMediathek": false,
        "storeUrlAndroid": "https://play.google.com/store/apps/details?id=de.rtli.tvnow",
        "storeUrlApple": "https://itunes.apple.com/de/app/id1057991212",
        "liveWeb": null,
        "liveApp": "tvnow://home",
        "defaultOrder": 16,
        "hdp": true,
        "quality": 2,
        "name": "SUPER RTL HD",
        "isEncrypted": false,
        "isHD": false,
        "dvbTriplet": "dvb://0.0.0",
        "id": null,
        "major": true
      },
      {
        "groupID": 19714,
        "hasMediathek": false,
        "storeUrlAndroid": null,
        "storeUrlApple": null,
        "liveWeb": "http://tv.disney.de/disney-channel",
        "liveApp": null,
        "defaultOrder": 17,
        "hdp": true,
        "quality": 2,
        "name": "Disney Channel HD",
        "isEncrypted": false,
        "isHD": false,
        "dvbTriplet": "dvb://0.0.0",
        "id": null,
        "major": true
      },
      {
        "groupID": 20454,
        "hasMediathek": false,
        "storeUrlAndroid": null,
        "storeUrlApple": null,
        "liveWeb": null,
        "liveApp": null,
        "defaultOrder": 18,
        "hdp": true,
        "quality": 2,
        "name": "Nick HD",
        "isEncrypted": false,
        "isHD": false,
        "dvbTriplet": "dvb://0.0.0",
        "id": null,
        "major": true
      },
      {
        "groupID": 22584,
        "hasMediathek": false,
        "storeUrlAndroid": null,
        "storeUrlApple": null,
        "liveWeb": "http://www.deluxemusic.tv/tv.html",
        "liveApp": null,
        "defaultOrder": 19,
        "hdp": true,
        "quality": 2,
        "name": "DELUXE MUSIC HD",
        "isEncrypted": false,
        "isHD": false,
        "dvbTriplet": "dvb://0.0.0",
        "id": null,
        "major": true
      },
      {
        "groupID": 14800,
        "hasMediathek": false,
        "storeUrlAndroid": null,
        "storeUrlApple": null,
        "liveWeb": "http://www.mtv.de/live/",
        "liveApp": null,
        "defaultOrder": 20,
        "hdp": true,
        "quality": 2,
        "name": "MTV HD",
        "isEncrypted": false,
        "isHD": false,
        "dvbTriplet": "dvb://0.0.0",
        "id": null,
        "major": true
      },
      {
        "groupID": 20462,
        "hasMediathek": false,
        "storeUrlAndroid": null,
        "storeUrlApple": null,
        "liveWeb": "http://www.welt.de/videos/",
        "liveApp": null,
        "defaultOrder": 21,
        "hdp": true,
        "quality": 2,
        "name": "Welt HD",
        "isEncrypted": false,
        "isHD": false,
        "dvbTriplet": "dvb://0.0.0",
        "id": null,
        "major": true
      },
      {
        "groupID": 14853,
        "hasMediathek": false,
        "storeUrlAndroid": "https://play.google.com/store/apps/details?id=de.rtli.tvnow",
        "storeUrlApple": "https://itunes.apple.com/de/app/id1057991212",
        "liveWeb": null,
        "liveApp": "tvnow://home",
        "defaultOrder": 22,
        "hdp": true,
        "quality": 2,
        "name": "n-tv HD",
        "isEncrypted": false,
        "isHD": false,
        "dvbTriplet": "dvb://0.0.0",
        "id": null,
        "major": true
      },
      {
        "groupID": 14801,
        "hasMediathek": false,
        "storeUrlAndroid": null,
        "storeUrlApple": null,
        "liveWeb": null,
        "liveApp": null,
        "defaultOrder": 23,
        "hdp": true,
        "quality": 2,
        "name": "INsight TV HD",
        "isEncrypted": false,
        "isHD": false,
        "dvbTriplet": "dvb://0.0.0",
        "id": null,
        "major": true
      },
      {
        "groupID": 19934,
        "hasMediathek": false,
        "storeUrlAndroid": "https://play.google.com/store/apps/details?id=de.sport1.video",
        "storeUrlApple": "https://itunes.apple.com/de/app/id985262696",
        "liveWeb": "http://tv.sport1.de/sport1/",
        "liveApp": "sport1video://",
        "defaultOrder": 24,
        "hdp": true,
        "quality": 2,
        "name": "Sport1 HD",
        "isEncrypted": false,
        "isHD": false,
        "dvbTriplet": "dvb://0.0.0",
        "id": null,
        "major": true
      },
      {
        "groupID": 19955,
        "hasMediathek": false,
        "storeUrlAndroid": "https://play.google.com/store/apps/details?id=com.eurosport.player",
        "storeUrlApple": "https://itunes.apple.com/de/app/id339708430",
        "liveWeb": "http://www.eurosport.de/watch-eurosport-live.shtml",
        "liveApp": "euronorway://",
        "defaultOrder": 25,
        "hdp": true,
        "quality": 2,
        "name": "Eurosport HD",
        "isEncrypted": false,
        "isHD": false,
        "dvbTriplet": "dvb://0.0.0",
        "id": null,
        "major": true
      },
      {
        "groupID": 25081,
        "hasMediathek": false,
        "storeUrlAndroid": "https://play.google.com/store/apps/details?id=com.eurosport.player",
        "storeUrlApple": "https://itunes.apple.com/de/app/id339708430",
        "liveWeb": null,
        "liveApp": "euronorway://",
        "defaultOrder": 26,
        "hdp": true,
        "quality": 2,
        "name": "Eurosport 2 HD Xtra",
        "isEncrypted": false,
        "isHD": false,
        "dvbTriplet": "dvb://0.0.0",
        "id": null,
        "major": true
      },
      {
        "groupID": 25082,
        "hasMediathek": false,
        "storeUrlAndroid": null,
        "storeUrlApple": null,
        "liveWeb": null,
        "liveApp": null,
        "defaultOrder": 27,
        "hdp": false,
        "quality": 2,
        "name": "Travelxp 4K",
        "isEncrypted": false,
        "isHD": false,
        "dvbTriplet": "dvb://0.0.0",
        "id": null,
        "major": true
      },
      {
        "groupID": 14785,
        "hasMediathek": true,
        "storeUrlAndroid": null,
        "storeUrlApple": null,
        "liveWeb": "http://www.google.com/search?q=WDR+Live&btnI",
        "liveApp": null,
        "defaultOrder": 1000,
        "hdp": false,
        "quality": 2,
        "name": "WDR Fernsehen HD",
        "isEncrypted": false,
        "isHD": false,
        "dvbTriplet": "dvb://0.0.0",
        "id": null,
        "major": true
      },
      {
        "groupID": 14787,
        "hasMediathek": true,
        "storeUrlAndroid": null,
        "storeUrlApple": null,
        "liveWeb": "http://www.google.com/search?q=site%3Akika.de+livestream&btnI",
        "liveApp": null,
        "defaultOrder": 1000,
        "hdp": false,
        "quality": 2,
        "name": "KiKA HD",
        "isEncrypted": false,
        "isHD": false,
        "dvbTriplet": "dvb://0.0.0",
        "id": null,
        "major": true
      },
      {
        "groupID": 14794,
        "hasMediathek": true,
        "storeUrlAndroid": null,
        "storeUrlApple": null,
        "liveWeb": "http://www.google.com/search?q=site%3Aphoenix.de+livestream&btnI",
        "liveApp": null,
        "defaultOrder": 1000,
        "hdp": false,
        "quality": 2,
        "name": "PHOENIX HD",
        "isEncrypted": false,
        "isHD": false,
        "dvbTriplet": "dvb://0.0.0",
        "id": null,
        "major": true
      },
      {
        "groupID": 14804,
        "hasMediathek": false,
        "storeUrlAndroid": null,
        "storeUrlApple": null,
        "liveWeb": null,
        "liveApp": null,
        "defaultOrder": 1000,
        "hdp": false,
        "quality": 1,
        "name": "Boomerang",
        "isEncrypted": false,
        "isHD": false,
        "dvbTriplet": "dvb://0.0.0",
        "id": null,
        "major": true
      },
      {
        "groupID": 14806,
        "hasMediathek": false,
        "storeUrlAndroid": null,
        "storeUrlApple": null,
        "liveWeb": null,
        "liveApp": null,
        "defaultOrder": 1000,
        "hdp": false,
        "quality": 1,
        "name": "Bloomberg TV Europe",
        "isEncrypted": false,
        "isHD": false,
        "dvbTriplet": "dvb://0.0.0",
        "id": null,
        "major": true
      },
      {
        "groupID": 14808,
        "hasMediathek": true,
        "storeUrlAndroid": null,
        "storeUrlApple": null,
        "liveWeb": "http://www.google.com/search?q=hr+Live&btnI",
        "liveApp": null,
        "defaultOrder": 1000,
        "hdp": false,
        "quality": 2,
        "name": "hr-Fernsehen HD",
        "isEncrypted": false,
        "isHD": false,
        "dvbTriplet": "dvb://0.0.0",
        "id": null,
        "major": true
      },
      {
        "groupID": 14810,
        "hasMediathek": false,
        "storeUrlAndroid": null,
        "storeUrlApple": null,
        "liveWeb": null,
        "liveApp": null,
        "defaultOrder": 1000,
        "hdp": false,
        "quality": 1,
        "name": "VIVA",
        "isEncrypted": false,
        "isHD": false,
        "dvbTriplet": "dvb://0.0.0",
        "id": null,
        "major": true
      },
      {
        "groupID": 14813,
        "hasMediathek": true,
        "storeUrlAndroid": null,
        "storeUrlApple": null,
        "liveWeb": "http://www.google.com/search?q=ONE+Live&btnI",
        "liveApp": null,
        "defaultOrder": 1000,
        "hdp": false,
        "quality": 2,
        "name": "ONE HD",
        "isEncrypted": false,
        "isHD": false,
        "dvbTriplet": "dvb://0.0.0",
        "id": null,
        "major": true
      },
      {
        "groupID": 14820,
        "hasMediathek": false,
        "storeUrlAndroid": null,
        "storeUrlApple": null,
        "liveWeb": null,
        "liveApp": null,
        "defaultOrder": 1000,
        "hdp": false,
        "quality": 1,
        "name": "kabel eins CLASSICS",
        "isEncrypted": false,
        "isHD": false,
        "dvbTriplet": "dvb://0.0.0",
        "id": null,
        "major": true
      },
      {
        "groupID": 14826,
        "hasMediathek": false,
        "storeUrlAndroid": "https://play.google.com/store/apps/details?id=de.rtli.tvnow",
        "storeUrlApple": "https://itunes.apple.com/de/app/id1057991212",
        "liveWeb": null,
        "liveApp": "tvnow://home",
        "defaultOrder": 1000,
        "hdp": false,
        "quality": 1,
        "name": "RTL Living",
        "isEncrypted": false,
        "isHD": false,
        "dvbTriplet": "dvb://0.0.0",
        "id": null,
        "major": true
      },
      {
        "groupID": 14829,
        "hasMediathek": false,
        "storeUrlAndroid": null,
        "storeUrlApple": null,
        "liveWeb": "http://www.google.com/search?q=site%3Atagesschau.de+24+live&btnI",
        "liveApp": null,
        "defaultOrder": 1000,
        "hdp": false,
        "quality": 2,
        "name": "tagesschau24 HD",
        "isEncrypted": false,
        "isHD": false,
        "dvbTriplet": "dvb://0.0.0",
        "id": null,
        "major": true
      },
      {
        "groupID": 14832,
        "hasMediathek": false,
        "storeUrlAndroid": null,
        "storeUrlApple": null,
        "liveWeb": null,
        "liveApp": null,
        "defaultOrder": 1000,
        "hdp": false,
        "quality": 1,
        "name": "Kinowelt TV",
        "isEncrypted": false,
        "isHD": false,
        "dvbTriplet": "dvb://0.0.0",
        "id": null,
        "major": true
      },
      {
        "groupID": 14835,
        "hasMediathek": false,
        "storeUrlAndroid": null,
        "storeUrlApple": null,
        "liveWeb": null,
        "liveApp": null,
        "defaultOrder": 1000,
        "hdp": false,
        "quality": 2,
        "name": "AXN HD",
        "isEncrypted": false,
        "isHD": false,
        "dvbTriplet": "dvb://0.0.0",
        "id": null,
        "major": true
      },
      {
        "groupID": 14840,
        "hasMediathek": true,
        "storeUrlAndroid": null,
        "storeUrlApple": null,
        "liveWeb": "http://www.google.com/search?q=ARD+alpha+Live&btnI",
        "liveApp": null,
        "defaultOrder": 1000,
        "hdp": false,
        "quality": 1,
        "name": "ARD-alpha",
        "isEncrypted": false,
        "isHD": false,
        "dvbTriplet": "dvb://0.0.0",
        "id": null,
        "major": true
      },
      {
        "groupID": 14845,
        "hasMediathek": true,
        "storeUrlAndroid": null,
        "storeUrlApple": null,
        "liveWeb": "http://www.google.com/search?q=rbb+Live&btnI",
        "liveApp": null,
        "defaultOrder": 1000,
        "hdp": false,
        "quality": 2,
        "name": "rbb Fernsehen HD",
        "isEncrypted": false,
        "isHD": false,
        "dvbTriplet": "dvb://0.0.0",
        "id": null,
        "major": true
      },
      {
        "groupID": 14850,
        "hasMediathek": true,
        "storeUrlAndroid": null,
        "storeUrlApple": null,
        "liveWeb": "http://www.google.com/search?q=NDR+Live&btnI",
        "liveApp": null,
        "defaultOrder": 1000,
        "hdp": false,
        "quality": 2,
        "name": "NDR Fernsehen HD",
        "isEncrypted": false,
        "isHD": false,
        "dvbTriplet": "dvb://0.0.0",
        "id": null,
        "major": true
      },
      {
        "groupID": 14855,
        "hasMediathek": true,
        "storeUrlAndroid": null,
        "storeUrlApple": null,
        "liveWeb": "http://www.google.com/search?q=3Sat+Live&btnI",
        "liveApp": null,
        "defaultOrder": 1000,
        "hdp": false,
        "quality": 2,
        "name": "3sat HD",
        "isEncrypted": false,
        "isHD": false,
        "dvbTriplet": "dvb://0.0.0",
        "id": null,
        "major": true
      },
      {
        "groupID": 16481,
        "hasMediathek": true,
        "storeUrlAndroid": null,
        "storeUrlApple": null,
        "liveWeb": "https://www.zdf.de/live-tv",
        "liveApp": null,
        "defaultOrder": 1000,
        "hdp": false,
        "quality": 2,
        "name": "ZDFneo HD",
        "isEncrypted": false,
        "isHD": false,
        "dvbTriplet": "dvb://0.0.0",
        "id": null,
        "major": true
      },
      {
        "groupID": 19413,
        "hasMediathek": false,
        "storeUrlAndroid": null,
        "storeUrlApple": null,
        "liveWeb": null,
        "liveApp": null,
        "defaultOrder": 1000,
        "hdp": false,
        "quality": 2,
        "name": "Anixe HD",
        "isEncrypted": false,
        "isHD": false,
        "dvbTriplet": "dvb://0.0.0",
        "id": null,
        "major": true
      },
      {
        "groupID": 19414,
        "hasMediathek": false,
        "storeUrlAndroid": null,
        "storeUrlApple": null,
        "liveWeb": null,
        "liveApp": null,
        "defaultOrder": 1000,
        "hdp": false,
        "quality": 1,
        "name": "AstroTV",
        "isEncrypted": false,
        "isHD": false,
        "dvbTriplet": "dvb://0.0.0",
        "id": null,
        "major": true
      },
      {
        "groupID": 19419,
        "hasMediathek": false,
        "storeUrlAndroid": null,
        "storeUrlApple": null,
        "liveWeb": null,
        "liveApp": null,
        "defaultOrder": 1000,
        "hdp": false,
        "quality": 2,
        "name": "sonnenklar.TV HD",
        "isEncrypted": false,
        "isHD": false,
        "dvbTriplet": "dvb://0.0.0",
        "id": null,
        "major": true
      },
      {
        "groupID": 19460,
        "hasMediathek": false,
        "storeUrlAndroid": "https://play.google.com/store/apps/details?id=de.prosiebensat1digital.seventv",
        "storeUrlApple": "https://itunes.apple.com/de/app/id826510222",
        "liveWeb": null,
        "liveApp": "mega-app://",
        "defaultOrder": 1000,
        "hdp": false,
        "quality": 1,
        "name": "KabelEins Doku",
        "isEncrypted": false,
        "isHD": false,
        "dvbTriplet": "dvb://0.0.0",
        "id": null,
        "major": true
      },
      {
        "groupID": 19699,
        "hasMediathek": false,
        "storeUrlAndroid": null,
        "storeUrlApple": null,
        "liveWeb": null,
        "liveApp": null,
        "defaultOrder": 1000,
        "hdp": false,
        "quality": 1,
        "name": "Classica",
        "isEncrypted": false,
        "isHD": false,
        "dvbTriplet": "dvb://0.0.0",
        "id": null,
        "major": true
      },
      {
        "groupID": 19701,
        "hasMediathek": false,
        "storeUrlAndroid": null,
        "storeUrlApple": null,
        "liveWeb": null,
        "liveApp": null,
        "defaultOrder": 1000,
        "hdp": false,
        "quality": 2,
        "name": "Nat Geo HD",
        "isEncrypted": false,
        "isHD": false,
        "dvbTriplet": "dvb://0.0.0",
        "id": null,
        "major": true
      },
      {
        "groupID": 19702,
        "hasMediathek": false,
        "storeUrlAndroid": null,
        "storeUrlApple": null,
        "liveWeb": null,
        "liveApp": null,
        "defaultOrder": 1000,
        "hdp": false,
        "quality": 2,
        "name": "Disney Cinemagic HD",
        "isEncrypted": false,
        "isHD": false,
        "dvbTriplet": "dvb://0.0.0",
        "id": null,
        "major": true
      },
      {
        "groupID": 19712,
        "hasMediathek": true,
        "storeUrlAndroid": null,
        "storeUrlApple": null,
        "liveWeb": "http://www.arte.tv/de/live",
        "liveApp": null,
        "defaultOrder": 1000,
        "hdp": false,
        "quality": 2,
        "name": "ARTE HD",
        "isEncrypted": false,
        "isHD": false,
        "dvbTriplet": "dvb://0.0.0",
        "id": null,
        "major": true
      },
      {
        "groupID": 19943,
        "hasMediathek": false,
        "storeUrlAndroid": null,
        "storeUrlApple": null,
        "liveWeb": null,
        "liveApp": null,
        "defaultOrder": 1000,
        "hdp": false,
        "quality": 2,
        "name": "13TH STREET HD",
        "isEncrypted": false,
        "isHD": false,
        "dvbTriplet": "dvb://0.0.0",
        "id": null,
        "major": true
      },
      {
        "groupID": 19944,
        "hasMediathek": false,
        "storeUrlAndroid": null,
        "storeUrlApple": null,
        "liveWeb": null,
        "liveApp": null,
        "defaultOrder": 1000,
        "hdp": false,
        "quality": 1,
        "name": "Beate-Uhse.TV",
        "isEncrypted": false,
        "isHD": false,
        "dvbTriplet": "dvb://0.0.0",
        "id": null,
        "major": true
      },
      {
        "groupID": 19945,
        "hasMediathek": false,
        "storeUrlAndroid": null,
        "storeUrlApple": null,
        "liveWeb": null,
        "liveApp": null,
        "defaultOrder": 1000,
        "hdp": false,
        "quality": 1,
        "name": "Blue Movie 1",
        "isEncrypted": false,
        "isHD": false,
        "dvbTriplet": "dvb://0.0.0",
        "id": null,
        "major": true
      },
      {
        "groupID": 19946,
        "hasMediathek": false,
        "storeUrlAndroid": null,
        "storeUrlApple": null,
        "liveWeb": null,
        "liveApp": null,
        "defaultOrder": 1000,
        "hdp": false,
        "quality": 1,
        "name": "Blue Movie 2",
        "isEncrypted": false,
        "isHD": false,
        "dvbTriplet": "dvb://0.0.0",
        "id": null,
        "major": true
      },
      {
        "groupID": 19947,
        "hasMediathek": false,
        "storeUrlAndroid": null,
        "storeUrlApple": null,
        "liveWeb": null,
        "liveApp": null,
        "defaultOrder": 1000,
        "hdp": false,
        "quality": 1,
        "name": "Blue Movie 3",
        "isEncrypted": false,
        "isHD": false,
        "dvbTriplet": "dvb://0.0.0",
        "id": null,
        "major": true
      },
      {
        "groupID": 19950,
        "hasMediathek": false,
        "storeUrlAndroid": null,
        "storeUrlApple": null,
        "liveWeb": null,
        "liveApp": null,
        "defaultOrder": 1000,
        "hdp": false,
        "quality": 2,
        "name": "Discovery Channel HD",
        "isEncrypted": false,
        "isHD": false,
        "dvbTriplet": "dvb://0.0.0",
        "id": null,
        "major": true
      },
      {
        "groupID": 19954,
        "hasMediathek": false,
        "storeUrlAndroid": null,
        "storeUrlApple": null,
        "liveWeb": null,
        "liveApp": null,
        "defaultOrder": 1000,
        "hdp": false,
        "quality": 1,
        "name": "Disney XD",
        "isEncrypted": false,
        "isHD": false,
        "dvbTriplet": "dvb://0.0.0",
        "id": null,
        "major": true
      },
      {
        "groupID": 19960,
        "hasMediathek": false,
        "storeUrlAndroid": "https://play.google.com/store/apps/details?id=de.sky.bw",
        "storeUrlApple": "https://itunes.apple.com/de/app/id375667763",
        "liveWeb": null,
        "liveApp": "skyde://",
        "defaultOrder": 1000,
        "hdp": false,
        "quality": 2,
        "name": "HISTORY HD",
        "isEncrypted": false,
        "isHD": false,
        "dvbTriplet": "dvb://0.0.0",
        "id": null,
        "major": true
      },
      {
        "groupID": 19961,
        "hasMediathek": false,
        "storeUrlAndroid": "https://play.google.com/store/apps/details?id=de.sky.bw",
        "storeUrlApple": "https://itunes.apple.com/de/app/id375667763",
        "liveWeb": null,
        "liveApp": "skyde://",
        "defaultOrder": 1000,
        "hdp": false,
        "quality": 1,
        "name": "Junior",
        "isEncrypted": false,
        "isHD": false,
        "dvbTriplet": "dvb://0.0.0",
        "id": null,
        "major": true
      },
      {
        "groupID": 19967,
        "hasMediathek": false,
        "storeUrlAndroid": null,
        "storeUrlApple": null,
        "liveWeb": null,
        "liveApp": null,
        "defaultOrder": 1000,
        "hdp": false,
        "quality": 1,
        "name": "Passion",
        "isEncrypted": false,
        "isHD": false,
        "dvbTriplet": "dvb://0.0.0",
        "id": null,
        "major": true
      },
      {
        "groupID": 19969,
        "hasMediathek": false,
        "storeUrlAndroid": null,
        "storeUrlApple": null,
        "liveWeb": null,
        "liveApp": null,
        "defaultOrder": 1000,
        "hdp": false,
        "quality": 2,
        "name": "RTL Crime HD",
        "isEncrypted": false,
        "isHD": false,
        "dvbTriplet": "dvb://0.0.0",
        "id": null,
        "major": true
      },
      {
        "groupID": 19970,
        "hasMediathek": false,
        "storeUrlAndroid": null,
        "storeUrlApple": null,
        "liveWeb": null,
        "liveApp": null,
        "defaultOrder": 1000,
        "hdp": false,
        "quality": 2,
        "name": "Syfy HD",
        "isEncrypted": false,
        "isHD": false,
        "dvbTriplet": "dvb://0.0.0",
        "id": null,
        "major": true
      },
      {
        "groupID": 19972,
        "hasMediathek": false,
        "storeUrlAndroid": "https://play.google.com/store/apps/details?id=de.sky.bw",
        "storeUrlApple": "https://itunes.apple.com/de/app/id375667763",
        "liveWeb": null,
        "liveApp": "skyde://",
        "defaultOrder": 1000,
        "hdp": false,
        "quality": 2,
        "name": "Sky Action HD",
        "isEncrypted": false,
        "isHD": false,
        "dvbTriplet": "dvb://0.0.0",
        "id": null,
        "major": true
      },
      {
        "groupID": 19974,
        "hasMediathek": false,
        "storeUrlAndroid": "https://play.google.com/store/apps/details?id=de.sky.bw",
        "storeUrlApple": "https://itunes.apple.com/de/app/id375667763",
        "liveWeb": null,
        "liveApp": "skyde://",
        "defaultOrder": 1000,
        "hdp": false,
        "quality": 2,
        "name": "Sky Cinema +1 HD",
        "isEncrypted": false,
        "isHD": false,
        "dvbTriplet": "dvb://0.0.0",
        "id": null,
        "major": true
      },
      {
        "groupID": 19975,
        "hasMediathek": false,
        "storeUrlAndroid": "https://play.google.com/store/apps/details?id=de.sky.bw",
        "storeUrlApple": "https://itunes.apple.com/de/app/id375667763",
        "liveWeb": null,
        "liveApp": "skyde://",
        "defaultOrder": 1000,
        "hdp": false,
        "quality": 2,
        "name": "Sky Cinema +24 HD",
        "isEncrypted": false,
        "isHD": false,
        "dvbTriplet": "dvb://0.0.0",
        "id": null,
        "major": true
      },
      {
        "groupID": 19976,
        "hasMediathek": false,
        "storeUrlAndroid": "https://play.google.com/store/apps/details?id=de.sky.bw",
        "storeUrlApple": "https://itunes.apple.com/de/app/id375667763",
        "liveWeb": null,
        "liveApp": "skyde://",
        "defaultOrder": 1000,
        "hdp": false,
        "quality": 2,
        "name": "Sky Cinema HD",
        "isEncrypted": false,
        "isHD": false,
        "dvbTriplet": "dvb://0.0.0",
        "id": null,
        "major": true
      },
      {
        "groupID": 19977,
        "hasMediathek": false,
        "storeUrlAndroid": null,
        "storeUrlApple": null,
        "liveWeb": null,
        "liveApp": "skyde://",
        "defaultOrder": 1000,
        "hdp": false,
        "quality": 2,
        "name": "Sky Cinema Family HD",
        "isEncrypted": false,
        "isHD": false,
        "dvbTriplet": "dvb://0.0.0",
        "id": null,
        "major": true
      },
      {
        "groupID": 19979,
        "hasMediathek": false,
        "storeUrlAndroid": "https://play.google.com/store/apps/details?id=de.sky.bw",
        "storeUrlApple": "https://itunes.apple.com/de/app/id375667763",
        "liveWeb": null,
        "liveApp": "skyde://",
        "defaultOrder": 1000,
        "hdp": false,
        "quality": 1,
        "name": "Sky Comedy",
        "isEncrypted": false,
        "isHD": false,
        "dvbTriplet": "dvb://0.0.0",
        "id": null,
        "major": true
      },
      {
        "groupID": 19980,
        "hasMediathek": false,
        "storeUrlAndroid": "https://play.google.com/store/apps/details?id=de.sky.bw",
        "storeUrlApple": "https://itunes.apple.com/de/app/id375667763",
        "liveWeb": null,
        "liveApp": "skyde://",
        "defaultOrder": 1000,
        "hdp": false,
        "quality": 1,
        "name": "Sky Emotion",
        "isEncrypted": false,
        "isHD": false,
        "dvbTriplet": "dvb://0.0.0",
        "id": null,
        "major": true
      },
      {
        "groupID": 19983,
        "hasMediathek": false,
        "storeUrlAndroid": null,
        "storeUrlApple": null,
        "liveWeb": null,
        "liveApp": null,
        "defaultOrder": 1000,
        "hdp": false,
        "quality": 1,
        "name": "Sky Krimi",
        "isEncrypted": false,
        "isHD": false,
        "dvbTriplet": "dvb://0.0.0",
        "id": null,
        "major": true
      },
      {
        "groupID": 19984,
        "hasMediathek": false,
        "storeUrlAndroid": null,
        "storeUrlApple": null,
        "liveWeb": null,
        "liveApp": null,
        "defaultOrder": 1000,
        "hdp": false,
        "quality": 1,
        "name": "Sky Nostalgie",
        "isEncrypted": false,
        "isHD": false,
        "dvbTriplet": "dvb://0.0.0",
        "id": null,
        "major": true
      },
      {
        "groupID": 19987,
        "hasMediathek": false,
        "storeUrlAndroid": "https://play.google.com/store/apps/details?id=de.sky.bw",
        "storeUrlApple": "https://itunes.apple.com/de/app/id375667763",
        "liveWeb": null,
        "liveApp": "skyde://",
        "defaultOrder": 1000,
        "hdp": false,
        "quality": 2,
        "name": "Sky Sport HD 1",
        "isEncrypted": false,
        "isHD": false,
        "dvbTriplet": "dvb://0.0.0",
        "id": null,
        "major": true
      },
      {
        "groupID": 19988,
        "hasMediathek": false,
        "storeUrlAndroid": "https://play.google.com/store/apps/details?id=de.sky.bw",
        "storeUrlApple": "https://itunes.apple.com/de/app/id375667763",
        "liveWeb": null,
        "liveApp": "skyde://",
        "defaultOrder": 1000,
        "hdp": false,
        "quality": 2,
        "name": "Sky Sport HD 2",
        "isEncrypted": false,
        "isHD": false,
        "dvbTriplet": "dvb://0.0.0",
        "id": null,
        "major": true
      },
      {
        "groupID": 20210,
        "hasMediathek": false,
        "storeUrlAndroid": "https://play.google.com/store/apps/details?id=com.mautilus.servus",
        "storeUrlApple": "https://itunes.apple.com/de/app/id517249438",
        "liveWeb": null,
        "liveApp": "servustv-todayext://",
        "defaultOrder": 1000,
        "hdp": false,
        "quality": 2,
        "name": "ServusTV HD Deutschland",
        "isEncrypted": false,
        "isHD": false,
        "dvbTriplet": "dvb://0.0.0",
        "id": null,
        "major": true
      },
      {
        "groupID": 20211,
        "hasMediathek": false,
        "storeUrlAndroid": null,
        "storeUrlApple": null,
        "liveWeb": null,
        "liveApp": null,
        "defaultOrder": 1000,
        "hdp": false,
        "quality": 2,
        "name": "Servus TV HD Österreich",
        "isEncrypted": false,
        "isHD": false,
        "dvbTriplet": "dvb://0.0.0",
        "id": null,
        "major": true
      },
      {
        "groupID": 20212,
        "hasMediathek": true,
        "storeUrlAndroid": null,
        "storeUrlApple": null,
        "liveWeb": "http://www.google.com/search?q=mdr+Live&btnI",
        "liveApp": null,
        "defaultOrder": 1000,
        "hdp": false,
        "quality": 2,
        "name": "MDR Fernsehen HD",
        "isEncrypted": false,
        "isHD": false,
        "dvbTriplet": "dvb://0.0.0",
        "id": null,
        "major": true
      },
      {
        "groupID": 20447,
        "hasMediathek": false,
        "storeUrlAndroid": null,
        "storeUrlApple": null,
        "liveWeb": "http://www.cc.com/live-tv",
        "liveApp": null,
        "defaultOrder": 1000,
        "hdp": false,
        "quality": 1,
        "name": "COMEDY CENTRAL",
        "isEncrypted": false,
        "isHD": false,
        "dvbTriplet": "dvb://0.0.0",
        "id": null,
        "major": true
      },
      {
        "groupID": 20463,
        "hasMediathek": false,
        "storeUrlAndroid": null,
        "storeUrlApple": null,
        "liveWeb": null,
        "liveApp": null,
        "defaultOrder": 1000,
        "hdp": false,
        "quality": 1,
        "name": "N24 Doku",
        "isEncrypted": false,
        "isHD": false,
        "dvbTriplet": "dvb://0.0.0",
        "id": null,
        "major": true
      },
      {
        "groupID": 21663,
        "hasMediathek": false,
        "storeUrlAndroid": null,
        "storeUrlApple": null,
        "liveWeb": null,
        "liveApp": null,
        "defaultOrder": 1000,
        "hdp": false,
        "quality": 2,
        "name": "Fox HD",
        "isEncrypted": false,
        "isHD": false,
        "dvbTriplet": "dvb://0.0.0",
        "id": null,
        "major": true
      },
      {
        "groupID": 22014,
        "hasMediathek": false,
        "storeUrlAndroid": "https://play.google.com/store/apps/details?id=de.sky.bw",
        "storeUrlApple": "https://itunes.apple.com/de/app/id375667763",
        "liveWeb": null,
        "liveApp": "skyde://",
        "defaultOrder": 1000,
        "hdp": false,
        "quality": 2,
        "name": "Sky Sport News HD",
        "isEncrypted": false,
        "isHD": false,
        "dvbTriplet": "dvb://0.0.0",
        "id": null,
        "major": true
      },
      {
        "groupID": 22540,
        "hasMediathek": false,
        "storeUrlAndroid": null,
        "storeUrlApple": null,
        "liveWeb": null,
        "liveApp": null,
        "defaultOrder": 1000,
        "hdp": false,
        "quality": 2,
        "name": "Disney Junior HD",
        "isEncrypted": false,
        "isHD": false,
        "dvbTriplet": "dvb://0.0.0",
        "id": null,
        "major": true
      },
      {
        "groupID": 22542,
        "hasMediathek": false,
        "storeUrlAndroid": null,
        "storeUrlApple": null,
        "liveWeb": null,
        "liveApp": null,
        "defaultOrder": 1000,
        "hdp": false,
        "quality": 1,
        "name": "SAT.1 emotions",
        "isEncrypted": false,
        "isHD": false,
        "dvbTriplet": "dvb://0.0.0",
        "id": null,
        "major": true
      },
      {
        "groupID": 22543,
        "hasMediathek": false,
        "storeUrlAndroid": "https://play.google.com/store/apps/details?id=de.sky.bw",
        "storeUrlApple": "https://itunes.apple.com/de/app/id375667763",
        "liveWeb": null,
        "liveApp": "skyde://",
        "defaultOrder": 1000,
        "hdp": false,
        "quality": 2,
        "name": "Sky Atlantic HD",
        "isEncrypted": false,
        "isHD": false,
        "dvbTriplet": "dvb://0.0.0",
        "id": null,
        "major": true
      },
      {
        "groupID": 22544,
        "hasMediathek": false,
        "storeUrlAndroid": "https://play.google.com/store/apps/details?id=de.sky.bw",
        "storeUrlApple": "https://itunes.apple.com/de/app/id375667763",
        "liveWeb": null,
        "liveApp": "skyde://",
        "defaultOrder": 1000,
        "hdp": false,
        "quality": 2,
        "name": "Sky Hits HD",
        "isEncrypted": false,
        "isHD": false,
        "dvbTriplet": "dvb://0.0.0",
        "id": null,
        "major": true
      },
      {
        "groupID": 22600,
        "hasMediathek": true,
        "storeUrlAndroid": null,
        "storeUrlApple": null,
        "liveWeb": "http://www.google.com/search?q=BR+Live&btnI",
        "liveApp": null,
        "defaultOrder": 1000,
        "hdp": false,
        "quality": 2,
        "name": "Bayerisches Fernsehen HD",
        "isEncrypted": false,
        "isHD": false,
        "dvbTriplet": "dvb://0.0.0",
        "id": null,
        "major": true
      },
      {
        "groupID": 22605,
        "hasMediathek": false,
        "storeUrlAndroid": null,
        "storeUrlApple": null,
        "liveWeb": null,
        "liveApp": null,
        "defaultOrder": 1000,
        "hdp": false,
        "quality": 2,
        "name": "MTV Live HD",
        "isEncrypted": false,
        "isHD": false,
        "dvbTriplet": "dvb://0.0.0",
        "id": null,
        "major": true
      },
      {
        "groupID": 22612,
        "hasMediathek": true,
        "storeUrlAndroid": null,
        "storeUrlApple": null,
        "liveWeb": "http://www.google.com/search?q=SWR+Live&btnI",
        "liveApp": null,
        "defaultOrder": 1000,
        "hdp": false,
        "quality": 2,
        "name": "SWR Fernsehen HD",
        "isEncrypted": false,
        "isHD": false,
        "dvbTriplet": "dvb://0.0.0",
        "id": null,
        "major": true
      },
      {
        "groupID": 22614,
        "hasMediathek": false,
        "storeUrlAndroid": null,
        "storeUrlApple": null,
        "liveWeb": null,
        "liveApp": null,
        "defaultOrder": 1000,
        "hdp": false,
        "quality": 1,
        "name": "TNT Film",
        "isEncrypted": false,
        "isHD": false,
        "dvbTriplet": "dvb://0.0.0",
        "id": null,
        "major": true
      },
      {
        "groupID": 22615,
        "hasMediathek": false,
        "storeUrlAndroid": null,
        "storeUrlApple": null,
        "liveWeb": null,
        "liveApp": null,
        "defaultOrder": 1000,
        "hdp": false,
        "quality": 2,
        "name": "TNT Serie HD",
        "isEncrypted": false,
        "isHD": false,
        "dvbTriplet": "dvb://0.0.0",
        "id": null,
        "major": true
      },
      {
        "groupID": 22979,
        "hasMediathek": false,
        "storeUrlAndroid": "https://play.google.com/store/apps/details?id=de.sky.bw",
        "storeUrlApple": "https://itunes.apple.com/de/app/id375667763",
        "liveWeb": null,
        "liveApp": "skyde://",
        "defaultOrder": 1000,
        "hdp": false,
        "quality": 2,
        "name": "Sky Bundesliga HD 1",
        "isEncrypted": false,
        "isHD": false,
        "dvbTriplet": "dvb://0.0.0",
        "id": null,
        "major": true
      },
      {
        "groupID": 23021,
        "hasMediathek": false,
        "storeUrlAndroid": null,
        "storeUrlApple": null,
        "liveWeb": null,
        "liveApp": null,
        "defaultOrder": 1000,
        "hdp": false,
        "quality": 2,
        "name": "Nat Geo Wild HD",
        "isEncrypted": false,
        "isHD": false,
        "dvbTriplet": "dvb://0.0.0",
        "id": null,
        "major": true
      },
      {
        "groupID": 24444,
        "hasMediathek": false,
        "storeUrlAndroid": null,
        "storeUrlApple": null,
        "liveWeb": null,
        "liveApp": null,
        "defaultOrder": 1000,
        "hdp": false,
        "quality": 2,
        "name": "1-2-3.tv HD",
        "isEncrypted": false,
        "isHD": false,
        "dvbTriplet": "dvb://0.0.0",
        "id": null,
        "major": true
      },
      {
        "groupID": 24447,
        "hasMediathek": false,
        "storeUrlAndroid": null,
        "storeUrlApple": null,
        "liveWeb": null,
        "liveApp": null,
        "defaultOrder": 1000,
        "hdp": false,
        "quality": 1,
        "name": "a.tv",
        "isEncrypted": false,
        "isHD": false,
        "dvbTriplet": "dvb://0.0.0",
        "id": null,
        "major": true
      },
      {
        "groupID": 24451,
        "hasMediathek": false,
        "storeUrlAndroid": null,
        "storeUrlApple": null,
        "liveWeb": null,
        "liveApp": null,
        "defaultOrder": 1000,
        "hdp": false,
        "quality": 2,
        "name": "ATV HD",
        "isEncrypted": false,
        "isHD": false,
        "dvbTriplet": "dvb://0.0.0",
        "id": null,
        "major": true
      },
      {
        "groupID": 24453,
        "hasMediathek": false,
        "storeUrlAndroid": null,
        "storeUrlApple": null,
        "liveWeb": null,
        "liveApp": null,
        "defaultOrder": 1000,
        "hdp": false,
        "quality": 1,
        "name": "ATV2",
        "isEncrypted": false,
        "isHD": false,
        "dvbTriplet": "dvb://0.0.0",
        "id": null,
        "major": true
      },
      {
        "groupID": 24456,
        "hasMediathek": false,
        "storeUrlAndroid": null,
        "storeUrlApple": null,
        "liveWeb": null,
        "liveApp": null,
        "defaultOrder": 1000,
        "hdp": false,
        "quality": 2,
        "name": "Bibel TV HD",
        "isEncrypted": false,
        "isHD": false,
        "dvbTriplet": "dvb://0.0.0",
        "id": null,
        "major": true
      },
      {
        "groupID": 24458,
        "hasMediathek": false,
        "storeUrlAndroid": null,
        "storeUrlApple": null,
        "liveWeb": null,
        "liveApp": null,
        "defaultOrder": 1000,
        "hdp": false,
        "quality": 1,
        "name": "Cartoon Network",
        "isEncrypted": false,
        "isHD": false,
        "dvbTriplet": "dvb://0.0.0",
        "id": null,
        "major": true
      },
      {
        "groupID": 24459,
        "hasMediathek": false,
        "storeUrlAndroid": null,
        "storeUrlApple": null,
        "liveWeb": null,
        "liveApp": null,
        "defaultOrder": 1000,
        "hdp": false,
        "quality": 1,
        "name": "Channel 21",
        "isEncrypted": false,
        "isHD": false,
        "dvbTriplet": "dvb://0.0.0",
        "id": null,
        "major": true
      },
      {
        "groupID": 24463,
        "hasMediathek": false,
        "storeUrlAndroid": null,
        "storeUrlApple": null,
        "liveWeb": null,
        "liveApp": null,
        "defaultOrder": 1000,
        "hdp": false,
        "quality": 1,
        "name": "Deutsches Musik Fernsehen",
        "isEncrypted": false,
        "isHD": false,
        "dvbTriplet": "dvb://0.0.0",
        "id": null,
        "major": true
      },
      {
        "groupID": 24464,
        "hasMediathek": false,
        "storeUrlAndroid": null,
        "storeUrlApple": null,
        "liveWeb": null,
        "liveApp": null,
        "defaultOrder": 1000,
        "hdp": false,
        "quality": 1,
        "name": "DIE NEUE ZEIT TV",
        "isEncrypted": false,
        "isHD": false,
        "dvbTriplet": "dvb://0.0.0",
        "id": null,
        "major": true
      },
      {
        "groupID": 24468,
        "hasMediathek": false,
        "storeUrlAndroid": null,
        "storeUrlApple": null,
        "liveWeb": null,
        "liveApp": null,
        "defaultOrder": 1000,
        "hdp": false,
        "quality": 1,
        "name": "DONAU TV",
        "isEncrypted": false,
        "isHD": false,
        "dvbTriplet": "dvb://0.0.0",
        "id": null,
        "major": true
      },
      {
        "groupID": 24469,
        "hasMediathek": false,
        "storeUrlAndroid": null,
        "storeUrlApple": null,
        "liveWeb": null,
        "liveApp": null,
        "defaultOrder": 1000,
        "hdp": false,
        "quality": 2,
        "name": "E! ENTERTAINMENT HD",
        "isEncrypted": false,
        "isHD": false,
        "dvbTriplet": "dvb://0.0.0",
        "id": null,
        "major": true
      },
      {
        "groupID": 24474,
        "hasMediathek": false,
        "storeUrlAndroid": null,
        "storeUrlApple": null,
        "liveWeb": null,
        "liveApp": null,
        "defaultOrder": 1000,
        "hdp": false,
        "quality": 1,
        "name": "euronews",
        "isEncrypted": false,
        "isHD": false,
        "dvbTriplet": "dvb://0.0.0",
        "id": null,
        "major": true
      },
      {
        "groupID": 24476,
        "hasMediathek": false,
        "storeUrlAndroid": null,
        "storeUrlApple": null,
        "liveWeb": null,
        "liveApp": null,
        "defaultOrder": 1000,
        "hdp": false,
        "quality": 1,
        "name": "EWTN",
        "isEncrypted": false,
        "isHD": false,
        "dvbTriplet": "dvb://0.0.0",
        "id": null,
        "major": true
      },
      {
        "groupID": 24478,
        "hasMediathek": false,
        "storeUrlAndroid": null,
        "storeUrlApple": null,
        "liveWeb": null,
        "liveApp": null,
        "defaultOrder": 1000,
        "hdp": false,
        "quality": 1,
        "name": "Franken Fernsehen",
        "isEncrypted": false,
        "isHD": false,
        "dvbTriplet": "dvb://0.0.0",
        "id": null,
        "major": true
      },
      {
        "groupID": 24479,
        "hasMediathek": false,
        "storeUrlAndroid": null,
        "storeUrlApple": null,
        "liveWeb": null,
        "liveApp": null,
        "defaultOrder": 1000,
        "hdp": false,
        "quality": 1,
        "name": "gotv",
        "isEncrypted": false,
        "isHD": false,
        "dvbTriplet": "dvb://0.0.0",
        "id": null,
        "major": true
      },
      {
        "groupID": 24480,
        "hasMediathek": false,
        "storeUrlAndroid": null,
        "storeUrlApple": null,
        "liveWeb": null,
        "liveApp": null,
        "defaultOrder": 1000,
        "hdp": false,
        "quality": 1,
        "name": "Heimatkanal",
        "isEncrypted": false,
        "isHD": false,
        "dvbTriplet": "dvb://0.0.0",
        "id": null,
        "major": true
      },
      {
        "groupID": 24481,
        "hasMediathek": false,
        "storeUrlAndroid": null,
        "storeUrlApple": null,
        "liveWeb": null,
        "liveApp": null,
        "defaultOrder": 1000,
        "hdp": false,
        "quality": 2,
        "name": "HOPE Channel",
        "isEncrypted": false,
        "isHD": false,
        "dvbTriplet": "dvb://0.0.0",
        "id": null,
        "major": true
      },
      {
        "groupID": 24483,
        "hasMediathek": false,
        "storeUrlAndroid": null,
        "storeUrlApple": null,
        "liveWeb": null,
        "liveApp": null,
        "defaultOrder": 1000,
        "hdp": false,
        "quality": 2,
        "name": "HSE24 HD",
        "isEncrypted": false,
        "isHD": false,
        "dvbTriplet": "dvb://0.0.0",
        "id": null,
        "major": true
      },
      {
        "groupID": 24485,
        "hasMediathek": false,
        "storeUrlAndroid": null,
        "storeUrlApple": null,
        "liveWeb": null,
        "liveApp": null,
        "defaultOrder": 1000,
        "hdp": false,
        "quality": 2,
        "name": "HSE24 Extra HD",
        "isEncrypted": false,
        "isHD": false,
        "dvbTriplet": "dvb://0.0.0",
        "id": null,
        "major": true
      },
      {
        "groupID": 24488,
        "hasMediathek": false,
        "storeUrlAndroid": null,
        "storeUrlApple": null,
        "liveWeb": null,
        "liveApp": null,
        "defaultOrder": 1000,
        "hdp": false,
        "quality": 1,
        "name": "intv",
        "isEncrypted": false,
        "isHD": false,
        "dvbTriplet": "dvb://0.0.0",
        "id": null,
        "major": true
      },
      {
        "groupID": 24489,
        "hasMediathek": false,
        "storeUrlAndroid": null,
        "storeUrlApple": null,
        "liveWeb": null,
        "liveApp": null,
        "defaultOrder": 1000,
        "hdp": false,
        "quality": 1,
        "name": "JML",
        "isEncrypted": false,
        "isHD": false,
        "dvbTriplet": "dvb://0.0.0",
        "id": null,
        "major": true
      },
      {
        "groupID": 24491,
        "hasMediathek": false,
        "storeUrlAndroid": null,
        "storeUrlApple": null,
        "liveWeb": null,
        "liveApp": null,
        "defaultOrder": 1000,
        "hdp": false,
        "quality": 2,
        "name": "Juwelo HD",
        "isEncrypted": false,
        "isHD": false,
        "dvbTriplet": "dvb://0.0.0",
        "id": null,
        "major": true
      },
      {
        "groupID": 24492,
        "hasMediathek": false,
        "storeUrlAndroid": null,
        "storeUrlApple": null,
        "liveWeb": null,
        "liveApp": null,
        "defaultOrder": 1000,
        "hdp": false,
        "quality": 1,
        "name": "Goldstar TV",
        "isEncrypted": false,
        "isHD": false,
        "dvbTriplet": "dvb://0.0.0",
        "id": null,
        "major": true
      },
      {
        "groupID": 24495,
        "hasMediathek": false,
        "storeUrlAndroid": null,
        "storeUrlApple": null,
        "liveWeb": null,
        "liveApp": null,
        "defaultOrder": 1000,
        "hdp": false,
        "quality": 1,
        "name": "K-TV",
        "isEncrypted": false,
        "isHD": false,
        "dvbTriplet": "dvb://0.0.0",
        "id": null,
        "major": true
      },
      {
        "groupID": 24496,
        "hasMediathek": false,
        "storeUrlAndroid": null,
        "storeUrlApple": null,
        "liveWeb": null,
        "liveApp": null,
        "defaultOrder": 1000,
        "hdp": false,
        "quality": 1,
        "name": "L-TV",
        "isEncrypted": false,
        "isHD": false,
        "dvbTriplet": "dvb://0.0.0",
        "id": null,
        "major": true
      },
      {
        "groupID": 24499,
        "hasMediathek": false,
        "storeUrlAndroid": null,
        "storeUrlApple": null,
        "liveWeb": null,
        "liveApp": null,
        "defaultOrder": 1000,
        "hdp": false,
        "quality": 1,
        "name": "Motorvision TV",
        "isEncrypted": false,
        "isHD": false,
        "dvbTriplet": "dvb://0.0.0",
        "id": null,
        "major": true
      },
      {
        "groupID": 24500,
        "hasMediathek": false,
        "storeUrlAndroid": null,
        "storeUrlApple": null,
        "liveWeb": null,
        "liveApp": null,
        "defaultOrder": 1000,
        "hdp": false,
        "quality": 1,
        "name": "MTV Dance",
        "isEncrypted": false,
        "isHD": false,
        "dvbTriplet": "dvb://0.0.0",
        "id": null,
        "major": true
      },
      {
        "groupID": 24501,
        "hasMediathek": false,
        "storeUrlAndroid": null,
        "storeUrlApple": null,
        "liveWeb": null,
        "liveApp": null,
        "defaultOrder": 1000,
        "hdp": false,
        "quality": 1,
        "name": "MTV Rocks",
        "isEncrypted": false,
        "isHD": false,
        "dvbTriplet": "dvb://0.0.0",
        "id": null,
        "major": true
      },
      {
        "groupID": 24502,
        "hasMediathek": false,
        "storeUrlAndroid": null,
        "storeUrlApple": null,
        "liveWeb": null,
        "liveApp": null,
        "defaultOrder": 1000,
        "hdp": false,
        "quality": 1,
        "name": "MTV Hits",
        "isEncrypted": false,
        "isHD": false,
        "dvbTriplet": "dvb://0.0.0",
        "id": null,
        "major": true
      },
      {
        "groupID": 24503,
        "hasMediathek": false,
        "storeUrlAndroid": null,
        "storeUrlApple": null,
        "liveWeb": null,
        "liveApp": null,
        "defaultOrder": 1000,
        "hdp": false,
        "quality": 1,
        "name": "MTV Music 24",
        "isEncrypted": false,
        "isHD": false,
        "dvbTriplet": "dvb://0.0.0",
        "id": null,
        "major": true
      },
      {
        "groupID": 24504,
        "hasMediathek": false,
        "storeUrlAndroid": null,
        "storeUrlApple": null,
        "liveWeb": null,
        "liveApp": null,
        "defaultOrder": 1000,
        "hdp": false,
        "quality": 1,
        "name": "münchen.tv",
        "isEncrypted": false,
        "isHD": false,
        "dvbTriplet": "dvb://0.0.0",
        "id": null,
        "major": true
      },
      {
        "groupID": 24505,
        "hasMediathek": false,
        "storeUrlAndroid": null,
        "storeUrlApple": null,
        "liveWeb": null,
        "liveApp": null,
        "defaultOrder": 1000,
        "hdp": false,
        "quality": 1,
        "name": "Mühlviertel TV",
        "isEncrypted": false,
        "isHD": false,
        "dvbTriplet": "dvb://0.0.0",
        "id": null,
        "major": true
      },
      {
        "groupID": 24512,
        "hasMediathek": false,
        "storeUrlAndroid": null,
        "storeUrlApple": null,
        "liveWeb": null,
        "liveApp": null,
        "defaultOrder": 1000,
        "hdp": false,
        "quality": 1,
        "name": "NL 1",
        "isEncrypted": false,
        "isHD": false,
        "dvbTriplet": "dvb://0.0.0",
        "id": null,
        "major": true
      },
      {
        "groupID": 24513,
        "hasMediathek": false,
        "storeUrlAndroid": null,
        "storeUrlApple": null,
        "liveWeb": null,
        "liveApp": null,
        "defaultOrder": 1000,
        "hdp": false,
        "quality": 1,
        "name": "NL 2",
        "isEncrypted": false,
        "isHD": false,
        "dvbTriplet": "dvb://0.0.0",
        "id": null,
        "major": true
      },
      {
        "groupID": 24514,
        "hasMediathek": false,
        "storeUrlAndroid": null,
        "storeUrlApple": null,
        "liveWeb": null,
        "liveApp": null,
        "defaultOrder": 1000,
        "hdp": false,
        "quality": 1,
        "name": "NL 3",
        "isEncrypted": false,
        "isHD": false,
        "dvbTriplet": "dvb://0.0.0",
        "id": null,
        "major": true
      },
      {
        "groupID": 24516,
        "hasMediathek": true,
        "storeUrlAndroid": null,
        "storeUrlApple": null,
        "liveWeb": null,
        "liveApp": null,
        "defaultOrder": 1000,
        "hdp": false,
        "quality": 2,
        "name": "ORF eins HD",
        "isEncrypted": false,
        "isHD": false,
        "dvbTriplet": "dvb://0.0.0",
        "id": null,
        "major": true
      },
      {
        "groupID": 24518,
        "hasMediathek": true,
        "storeUrlAndroid": null,
        "storeUrlApple": null,
        "liveWeb": null,
        "liveApp": null,
        "defaultOrder": 1000,
        "hdp": false,
        "quality": 1,
        "name": "ORF2",
        "isEncrypted": false,
        "isHD": false,
        "dvbTriplet": "dvb://0.0.0",
        "id": null,
        "major": true
      },
      {
        "groupID": 24520,
        "hasMediathek": true,
        "storeUrlAndroid": null,
        "storeUrlApple": null,
        "liveWeb": null,
        "liveApp": null,
        "defaultOrder": 1000,
        "hdp": false,
        "quality": 2,
        "name": "ORF III HD",
        "isEncrypted": false,
        "isHD": false,
        "dvbTriplet": "dvb://0.0.0",
        "id": null,
        "major": true
      },
      {
        "groupID": 24522,
        "hasMediathek": true,
        "storeUrlAndroid": null,
        "storeUrlApple": null,
        "liveWeb": null,
        "liveApp": null,
        "defaultOrder": 1000,
        "hdp": false,
        "quality": 2,
        "name": "ORF Sport + HD",
        "isEncrypted": false,
        "isHD": false,
        "dvbTriplet": "dvb://0.0.0",
        "id": null,
        "major": true
      },
      {
        "groupID": 24523,
        "hasMediathek": false,
        "storeUrlAndroid": null,
        "storeUrlApple": null,
        "liveWeb": null,
        "liveApp": null,
        "defaultOrder": 1000,
        "hdp": false,
        "quality": 1,
        "name": "Parlamentsfernsehen des Deutschen Bundestages",
        "isEncrypted": false,
        "isHD": false,
        "dvbTriplet": "dvb://0.0.0",
        "id": null,
        "major": true
      },
      {
        "groupID": 24524,
        "hasMediathek": false,
        "storeUrlAndroid": null,
        "storeUrlApple": null,
        "liveWeb": null,
        "liveApp": null,
        "defaultOrder": 1000,
        "hdp": false,
        "quality": 2,
        "name": "Pearl.tv HD",
        "isEncrypted": false,
        "isHD": false,
        "dvbTriplet": "dvb://0.0.0",
        "id": null,
        "major": true
      },
      {
        "groupID": 24529,
        "hasMediathek": false,
        "storeUrlAndroid": null,
        "storeUrlApple": null,
        "liveWeb": null,
        "liveApp": null,
        "defaultOrder": 1000,
        "hdp": false,
        "quality": 2,
        "name": "PULS 4 HD",
        "isEncrypted": false,
        "isHD": false,
        "dvbTriplet": "dvb://0.0.0",
        "id": null,
        "major": true
      },
      {
        "groupID": 24531,
        "hasMediathek": false,
        "storeUrlAndroid": null,
        "storeUrlApple": null,
        "liveWeb": null,
        "liveApp": null,
        "defaultOrder": 1000,
        "hdp": false,
        "quality": 2,
        "name": "QVC HD",
        "isEncrypted": false,
        "isHD": false,
        "dvbTriplet": "dvb://0.0.0",
        "id": null,
        "major": true
      },
      {
        "groupID": 24533,
        "hasMediathek": false,
        "storeUrlAndroid": null,
        "storeUrlApple": null,
        "liveWeb": null,
        "liveApp": null,
        "defaultOrder": 1000,
        "hdp": false,
        "quality": 2,
        "name": "QVC Plus HD",
        "isEncrypted": false,
        "isHD": false,
        "dvbTriplet": "dvb://0.0.0",
        "id": null,
        "major": true
      },
      {
        "groupID": 24537,
        "hasMediathek": false,
        "storeUrlAndroid": null,
        "storeUrlApple": null,
        "liveWeb": null,
        "liveApp": null,
        "defaultOrder": 1000,
        "hdp": false,
        "quality": 1,
        "name": "Regio TV",
        "isEncrypted": false,
        "isHD": false,
        "dvbTriplet": "dvb://0.0.0",
        "id": null,
        "major": true
      },
      {
        "groupID": 24538,
        "hasMediathek": false,
        "storeUrlAndroid": null,
        "storeUrlApple": null,
        "liveWeb": null,
        "liveApp": null,
        "defaultOrder": 1000,
        "hdp": false,
        "quality": 1,
        "name": "RFO",
        "isEncrypted": false,
        "isHD": false,
        "dvbTriplet": "dvb://0.0.0",
        "id": null,
        "major": true
      },
      {
        "groupID": 24539,
        "hasMediathek": false,
        "storeUrlAndroid": null,
        "storeUrlApple": null,
        "liveWeb": null,
        "liveApp": null,
        "defaultOrder": 1000,
        "hdp": false,
        "quality": 1,
        "name": "Rhein-Main-TV",
        "isEncrypted": false,
        "isHD": false,
        "dvbTriplet": "dvb://0.0.0",
        "id": null,
        "major": true
      },
      {
        "groupID": 24540,
        "hasMediathek": false,
        "storeUrlAndroid": null,
        "storeUrlApple": null,
        "liveWeb": null,
        "liveApp": null,
        "defaultOrder": 1000,
        "hdp": false,
        "quality": 1,
        "name": "RiC",
        "isEncrypted": false,
        "isHD": false,
        "dvbTriplet": "dvb://0.0.0",
        "id": null,
        "major": true
      },
      {
        "groupID": 24541,
        "hasMediathek": false,
        "storeUrlAndroid": null,
        "storeUrlApple": null,
        "liveWeb": null,
        "liveApp": null,
        "defaultOrder": 1000,
        "hdp": false,
        "quality": 1,
        "name": "Rhein-Neckar Fernsehen",
        "isEncrypted": false,
        "isHD": false,
        "dvbTriplet": "dvb://0.0.0",
        "id": null,
        "major": true
      },
      {
        "groupID": 24542,
        "hasMediathek": false,
        "storeUrlAndroid": null,
        "storeUrlApple": null,
        "liveWeb": null,
        "liveApp": null,
        "defaultOrder": 1000,
        "hdp": false,
        "quality": 1,
        "name": "Romance TV",
        "isEncrypted": false,
        "isHD": false,
        "dvbTriplet": "dvb://0.0.0",
        "id": null,
        "major": true
      },
      {
        "groupID": 24550,
        "hasMediathek": true,
        "storeUrlAndroid": null,
        "storeUrlApple": null,
        "liveWeb": null,
        "liveApp": null,
        "defaultOrder": 1000,
        "hdp": false,
        "quality": 2,
        "name": "SRF 1 HD",
        "isEncrypted": false,
        "isHD": false,
        "dvbTriplet": "dvb://0.0.0",
        "id": null,
        "major": true
      },
      {
        "groupID": 24551,
        "hasMediathek": true,
        "storeUrlAndroid": null,
        "storeUrlApple": null,
        "liveWeb": null,
        "liveApp": null,
        "defaultOrder": 1000,
        "hdp": false,
        "quality": 2,
        "name": "SRF zwei HD",
        "isEncrypted": false,
        "isHD": false,
        "dvbTriplet": "dvb://0.0.0",
        "id": null,
        "major": true
      },
      {
        "groupID": 24554,
        "hasMediathek": false,
        "storeUrlAndroid": "https://play.google.com/store/apps/details?id=de.sky.bw",
        "storeUrlApple": "https://itunes.apple.com/de/app/id375667763",
        "liveWeb": null,
        "liveApp": "skyde://",
        "defaultOrder": 1000,
        "hdp": false,
        "quality": 2,
        "name": "Sky Bundesliga HD 2",
        "isEncrypted": false,
        "isHD": false,
        "dvbTriplet": "dvb://0.0.0",
        "id": null,
        "major": true
      },
      {
        "groupID": 24555,
        "hasMediathek": false,
        "storeUrlAndroid": "https://play.google.com/store/apps/details?id=de.sky.bw",
        "storeUrlApple": "https://itunes.apple.com/de/app/id375667763",
        "liveWeb": null,
        "liveApp": "skyde://",
        "defaultOrder": 1000,
        "hdp": false,
        "quality": 2,
        "name": "Sky Bundesliga HD 3",
        "isEncrypted": false,
        "isHD": false,
        "dvbTriplet": "dvb://0.0.0",
        "id": null,
        "major": true
      },
      {
        "groupID": 24556,
        "hasMediathek": false,
        "storeUrlAndroid": "https://play.google.com/store/apps/details?id=de.sky.bw",
        "storeUrlApple": "https://itunes.apple.com/de/app/id375667763",
        "liveWeb": null,
        "liveApp": "skyde://",
        "defaultOrder": 1000,
        "hdp": false,
        "quality": 2,
        "name": "Sky Bundesliga HD 4",
        "isEncrypted": false,
        "isHD": false,
        "dvbTriplet": "dvb://0.0.0",
        "id": null,
        "major": true
      },
      {
        "groupID": 24557,
        "hasMediathek": false,
        "storeUrlAndroid": null,
        "storeUrlApple": null,
        "liveWeb": null,
        "liveApp": null,
        "defaultOrder": 1000,
        "hdp": false,
        "quality": 2,
        "name": "Zee.One HD",
        "isEncrypted": false,
        "isHD": false,
        "dvbTriplet": "dvb://0.0.0",
        "id": null,
        "major": true
      },
      {
        "groupID": 24558,
        "hasMediathek": false,
        "storeUrlAndroid": null,
        "storeUrlApple": null,
        "liveWeb": null,
        "liveApp": null,
        "defaultOrder": 1000,
        "hdp": false,
        "quality": 2,
        "name": "Sky ARTS HD",
        "isEncrypted": false,
        "isHD": false,
        "dvbTriplet": "dvb://0.0.0",
        "id": null,
        "major": true
      },
      {
        "groupID": 24562,
        "hasMediathek": false,
        "storeUrlAndroid": "https://play.google.com/store/apps/details?id=de.sky.bw",
        "storeUrlApple": "https://itunes.apple.com/de/app/id375667763",
        "liveWeb": null,
        "liveApp": "skyde://",
        "defaultOrder": 1000,
        "hdp": false,
        "quality": 2,
        "name": "Sky Sport Austria HD",
        "isEncrypted": false,
        "isHD": false,
        "dvbTriplet": "dvb://0.0.0",
        "id": null,
        "major": true
      },
      {
        "groupID": 24565,
        "hasMediathek": false,
        "storeUrlAndroid": null,
        "storeUrlApple": null,
        "liveWeb": null,
        "liveApp": null,
        "defaultOrder": 1000,
        "hdp": false,
        "quality": 2,
        "name": "sport1+ HD",
        "isEncrypted": false,
        "isHD": false,
        "dvbTriplet": "dvb://0.0.0",
        "id": null,
        "major": true
      },
      {
        "groupID": 24566,
        "hasMediathek": false,
        "storeUrlAndroid": null,
        "storeUrlApple": null,
        "liveWeb": null,
        "liveApp": null,
        "defaultOrder": 1000,
        "hdp": false,
        "quality": 2,
        "name": "sport1 US HD",
        "isEncrypted": false,
        "isHD": false,
        "dvbTriplet": "dvb://0.0.0",
        "id": null,
        "major": true
      },
      {
        "groupID": 24567,
        "hasMediathek": false,
        "storeUrlAndroid": null,
        "storeUrlApple": null,
        "liveWeb": null,
        "liveApp": null,
        "defaultOrder": 1000,
        "hdp": false,
        "quality": 1,
        "name": "sportdigital",
        "isEncrypted": false,
        "isHD": false,
        "dvbTriplet": "dvb://0.0.0",
        "id": null,
        "major": true
      },
      {
        "groupID": 24568,
        "hasMediathek": true,
        "storeUrlAndroid": null,
        "storeUrlApple": null,
        "liveWeb": "http://www.google.com/search?q=SR+Live&btnI",
        "liveApp": null,
        "defaultOrder": 1000,
        "hdp": false,
        "quality": 2,
        "name": "SR Fernsehen HD",
        "isEncrypted": false,
        "isHD": false,
        "dvbTriplet": "dvb://0.0.0",
        "id": null,
        "major": true
      },
      {
        "groupID": 24578,
        "hasMediathek": false,
        "storeUrlAndroid": null,
        "storeUrlApple": null,
        "liveWeb": null,
        "liveApp": null,
        "defaultOrder": 1000,
        "hdp": false,
        "quality": 1,
        "name": "allgäu.tv",
        "isEncrypted": false,
        "isHD": false,
        "dvbTriplet": "dvb://0.0.0",
        "id": null,
        "major": true
      },
      {
        "groupID": 24579,
        "hasMediathek": false,
        "storeUrlAndroid": null,
        "storeUrlApple": null,
        "liveWeb": null,
        "liveApp": null,
        "defaultOrder": 1000,
        "hdp": false,
        "quality": 1,
        "name": "TV Mittelrhein",
        "isEncrypted": false,
        "isHD": false,
        "dvbTriplet": "dvb://0.0.0",
        "id": null,
        "major": true
      },
      {
        "groupID": 24580,
        "hasMediathek": false,
        "storeUrlAndroid": null,
        "storeUrlApple": null,
        "liveWeb": null,
        "liveApp": null,
        "defaultOrder": 1000,
        "hdp": false,
        "quality": 1,
        "name": "TV Oberfranken",
        "isEncrypted": false,
        "isHD": false,
        "dvbTriplet": "dvb://0.0.0",
        "id": null,
        "major": true
      },
      {
        "groupID": 24581,
        "hasMediathek": false,
        "storeUrlAndroid": null,
        "storeUrlApple": null,
        "liveWeb": null,
        "liveApp": null,
        "defaultOrder": 1000,
        "hdp": false,
        "quality": 1,
        "name": "TVA Ostbayern",
        "isEncrypted": false,
        "isHD": false,
        "dvbTriplet": "dvb://0.0.0",
        "id": null,
        "major": true
      },
      {
        "groupID": 24582,
        "hasMediathek": false,
        "storeUrlAndroid": null,
        "storeUrlApple": null,
        "liveWeb": null,
        "liveApp": null,
        "defaultOrder": 1000,
        "hdp": false,
        "quality": 2,
        "name": "Universal Channel HD",
        "isEncrypted": false,
        "isHD": false,
        "dvbTriplet": "dvb://0.0.0",
        "id": null,
        "major": true
      },
      {
        "groupID": 24583,
        "hasMediathek": false,
        "storeUrlAndroid": null,
        "storeUrlApple": null,
        "liveWeb": null,
        "liveApp": null,
        "defaultOrder": 1000,
        "hdp": false,
        "quality": 1,
        "name": "VH1 Classic",
        "isEncrypted": false,
        "isHD": false,
        "dvbTriplet": "dvb://0.0.0",
        "id": null,
        "major": true
      },
      {
        "groupID": 24586,
        "hasMediathek": false,
        "storeUrlAndroid": null,
        "storeUrlApple": null,
        "liveWeb": "http:/www.weltderwunder.de/videos/live",
        "liveApp": null,
        "defaultOrder": 1000,
        "hdp": false,
        "quality": 1,
        "name": "Welt der Wunder TV",
        "isEncrypted": false,
        "isHD": false,
        "dvbTriplet": "dvb://0.0.0",
        "id": null,
        "major": true
      },
      {
        "groupID": 24589,
        "hasMediathek": true,
        "storeUrlAndroid": null,
        "storeUrlApple": null,
        "liveWeb": "http://www.google.com/search?q=ZDFinfo+Live&btnI",
        "liveApp": null,
        "defaultOrder": 1000,
        "hdp": false,
        "quality": 2,
        "name": "ZDFinfo HD",
        "isEncrypted": false,
        "isHD": false,
        "dvbTriplet": "dvb://0.0.0",
        "id": null,
        "major": true
      },
      {
        "groupID": 25000,
        "hasMediathek": false,
        "storeUrlAndroid": null,
        "storeUrlApple": null,
        "liveWeb": null,
        "liveApp": null,
        "defaultOrder": 1000,
        "hdp": false,
        "quality": 1,
        "name": "A&E",
        "isEncrypted": false,
        "isHD": false,
        "dvbTriplet": "dvb://0.0.0",
        "id": null,
        "major": true
      },
      {
        "groupID": 25001,
        "hasMediathek": false,
        "storeUrlAndroid": null,
        "storeUrlApple": null,
        "liveWeb": null,
        "liveApp": null,
        "defaultOrder": 1000,
        "hdp": false,
        "quality": 1,
        "name": "Jukebox",
        "isEncrypted": false,
        "isHD": false,
        "dvbTriplet": "dvb://0.0.0",
        "id": null,
        "major": true
      },
      {
        "groupID": 25002,
        "hasMediathek": false,
        "storeUrlAndroid": null,
        "storeUrlApple": null,
        "liveWeb": null,
        "liveApp": null,
        "defaultOrder": 1000,
        "hdp": false,
        "quality": 2,
        "name": "ProSieben Fun HD",
        "isEncrypted": false,
        "isHD": false,
        "dvbTriplet": "dvb://0.0.0",
        "id": null,
        "major": true
      },
      {
        "groupID": 25004,
        "hasMediathek": false,
        "storeUrlAndroid": null,
        "storeUrlApple": null,
        "liveWeb": null,
        "liveApp": null,
        "defaultOrder": 1000,
        "hdp": false,
        "quality": 2,
        "name": "Spiegel Geschichte HD",
        "isEncrypted": false,
        "isHD": false,
        "dvbTriplet": "dvb://0.0.0",
        "id": null,
        "major": true
      },
      {
        "groupID": 25005,
        "hasMediathek": false,
        "storeUrlAndroid": null,
        "storeUrlApple": null,
        "liveWeb": null,
        "liveApp": null,
        "defaultOrder": 1000,
        "hdp": false,
        "quality": 2,
        "name": "TNT Comedy HD",
        "isEncrypted": false,
        "isHD": false,
        "dvbTriplet": "dvb://0.0.0",
        "id": null,
        "major": true
      },
      {
        "groupID": 25016,
        "hasMediathek": false,
        "storeUrlAndroid": "https://play.google.com/store/apps/details?id=com.eurosport.player",
        "storeUrlApple": "https://itunes.apple.com/de/app/id339708430",
        "liveWeb": null,
        "liveApp": "euronorway://",
        "defaultOrder": 1000,
        "hdp": false,
        "quality": 2,
        "name": "Eurosport 2 HD",
        "isEncrypted": false,
        "isHD": false,
        "dvbTriplet": "dvb://0.0.0",
        "id": null,
        "major": true
      },
      {
        "groupID": 25071,
        "hasMediathek": false,
        "storeUrlAndroid": "https://play.google.com/store/apps/details?id=de.rtli.tvnow",
        "storeUrlApple": "https://itunes.apple.com/de/app/id1057991212",
        "liveWeb": null,
        "liveApp": "tvnow://home",
        "defaultOrder": 1000,
        "hdp": false,
        "quality": 1,
        "name": "ToggoPlus",
        "isEncrypted": false,
        "isHD": false,
        "dvbTriplet": "dvb://0.0.0",
        "id": null,
        "major": true
      },
      {
        "groupID": 25072,
        "hasMediathek": false,
        "storeUrlAndroid": null,
        "storeUrlApple": null,
        "liveWeb": null,
        "liveApp": null,
        "defaultOrder": 1000,
        "hdp": false,
        "quality": 1,
        "name": "Fundorado TV",
        "isEncrypted": false,
        "isHD": false,
        "dvbTriplet": "dvb://0.0.0",
        "id": null,
        "major": true
      },
      {
        "groupID": 25073,
        "hasMediathek": false,
        "storeUrlAndroid": null,
        "storeUrlApple": null,
        "liveWeb": "http://www.familytv.de/Livestream.php",
        "liveApp": null,
        "defaultOrder": 1000,
        "hdp": false,
        "quality": 1,
        "name": "FamilyTV",
        "isEncrypted": false,
        "isHD": false,
        "dvbTriplet": "dvb://0.0.0",
        "id": null,
        "major": true
      },
      {
        "groupID": 25074,
        "hasMediathek": false,
        "storeUrlAndroid": "https://play.google.com/store/apps/details?id=de.rtli.tvnow",
        "storeUrlApple": "https://itunes.apple.com/de/app/id1057991212",
        "liveWeb": null,
        "liveApp": "tvnow://home",
        "defaultOrder": 1000,
        "hdp": false,
        "quality": 1,
        "name": "RTLplus",
        "isEncrypted": false,
        "isHD": false,
        "dvbTriplet": "dvb://0.0.0",
        "id": null,
        "major": true
      },
      {
        "groupID": 25076,
        "hasMediathek": false,
        "storeUrlAndroid": "https://play.google.com/store/apps/details?id=de.sky.bw",
        "storeUrlApple": "https://itunes.apple.com/de/app/id375667763",
        "liveWeb": null,
        "liveApp": "skyde://",
        "defaultOrder": 1000,
        "hdp": false,
        "quality": 2,
        "name": "Sky 1 HD",
        "isEncrypted": false,
        "isHD": false,
        "dvbTriplet": "dvb://0.0.0",
        "id": null,
        "major": true
      },
      {
        "groupID": 25077,
        "hasMediathek": false,
        "storeUrlAndroid": null,
        "storeUrlApple": null,
        "liveWeb": null,
        "liveApp": null,
        "defaultOrder": 1000,
        "hdp": false,
        "quality": 1,
        "name": "Silverline",
        "isEncrypted": false,
        "isHD": false,
        "dvbTriplet": "dvb://0.0.0",
        "id": null,
        "major": true
      },
      {
        "groupID": 25079,
        "hasMediathek": false,
        "storeUrlAndroid": null,
        "storeUrlApple": null,
        "liveWeb": null,
        "liveApp": null,
        "defaultOrder": 1000,
        "hdp": false,
        "quality": 2,
        "name": "PLANET HD",
        "isEncrypted": false,
        "isHD": false,
        "dvbTriplet": "dvb://0.0.0",
        "id": null,
        "major": true
      },
      {
        "groupID": 25080,
        "hasMediathek": false,
        "storeUrlAndroid": null,
        "storeUrlApple": null,
        "liveWeb": null,
        "liveApp": null,
        "defaultOrder": 1000,
        "hdp": false,
        "quality": 2,
        "name": "Spiegel TV Wissen HD",
        "isEncrypted": false,
        "isHD": false,
        "dvbTriplet": "dvb://0.0.0",
        "id": null,
        "major": true
      }
    ]
  }
}
